{"stats":{"minecraft:crafted":{"minecraft:oak_door":3,"minecraft:oak_planks":96,"minecraft:cooked_porkchop":5,"minecraft:crafting_table":1,"minecraft:spruce_planks":20,"minecraft:wooden_pickaxe":1,"minecraft:baked_potato":2,"minecraft:furnace":1,"minecraft:stone_axe":2,"minecraft:bread":6,"minecraft:air":0,"minecraft:oak_boat":1,"minecraft:white_wool":1,"minecraft:spruce_slab":6,"minecraft:stick":8,"minecraft:stone_pickaxe":1,"minecraft:chest":2,"minecraft:spruce_boat":1,"minecraft:shears":1},"minecraft:dropped":{"minecraft:wheat_seeds":3,"minecraft:baked_potato":2,"minecraft:cooked_porkchop":3,"minecraft:oak_boat":1,"minecraft:string":4,"minecraft:spruce_sapling":2},"minecraft:custom":{"minecraft:interact_with_furnace":17,"minecraft:mob_kills":26,"minecraft:interact_with_crafting_table":18,"minecraft:time_since_death":57018,"minecraft:time_since_rest":57018,"minecraft:sprint_one_cm":173952,"minecraft:damage_taken":615,"minecraft:walk_one_cm":85062,"minecraft:drop":9,"minecraft:damage_dealt":2655,"minecraft:swim_one_cm":10622,"minecraft:talked_to_villager":3,"minecraft:fly_one_cm":192860,"minecraft:open_chest":5,"minecraft:crouch_one_cm":9038,"minecraft:play_time":57018,"minecraft:sneak_time":4384,"minecraft:walk_under_water_one_cm":10427,"minecraft:boat_one_cm":264649,"minecraft:jump":962,"minecraft:walk_on_water_one_cm":6148,"minecraft:total_world_time":57018,"minecraft:fall_one_cm":27647},"minecraft:used":{"minecraft:moss_block":9,"minecraft:stone_pickaxe":70,"minecraft:baked_potato":1,"minecraft:oak_planks":39,"minecraft:chest":2,"minecraft:wooden_pickaxe":16,"minecraft:sandstone":12,"minecraft:oak_door":1,"minecraft:crafting_table":2,"minecraft:oak_log":13,"minecraft:spruce_boat":2,"minecraft:bread":6,"minecraft:suspicious_stew":1,"minecraft:stone_axe":118,"minecraft:furnace":2,"minecraft:cooked_porkchop":2},"minecraft:broken":{"minecraft:stone_axe":1},"minecraft:killed":{"minecraft:pig":7,"minecraft:spider":1,"minecraft:creeper":1,"minecraft:horse":3,"minecraft:sheep":4,"minecraft:chicken":1},"minecraft:picked_up":{"minecraft:crafting_table":1,"minecraft:leather":9,"minecraft:oak_log":37,"minecraft:gunpowder":2,"minecraft:string":8,"minecraft:dirt":26,"minecraft:bone":6,"minecraft:wheat_seeds":6,"minecraft:beef":2,"minecraft:iron_ingot":8,"minecraft:spruce_slab":2,"minecraft:moss_block":1,"minecraft:sugar_cane":47,"minecraft:furnace":1,"minecraft:stick":1,"minecraft:raw_iron":6,"minecraft:sandstone":14,"minecraft:cooked_porkchop":1,"minecraft:pumpkin":15,"minecraft:sand":22,"minecraft:porkchop":18,"minecraft:spruce_sapling":2,"minecraft:spruce_log":5,"minecraft:spider_eye":1,"minecraft:rotten_flesh":1,"minecraft:spruce_boat":2,"minecraft:hay_block":2,"minecraft:oak_sapling":1,"minecraft:mutton":5,"minecraft:white_wool":15,"minecraft:cobblestone":64},"minecraft:mined":{"minecraft:cornflower":1,"minecraft:crafting_table":1,"minecraft:grass_block":7,"minecraft:tall_grass":1,"minecraft:spruce_leaves":12,"minecraft:sugar_cane":19,"minecraft:moss_block":1,"minecraft:sandstone":14,"minecraft:large_fern":1,"minecraft:hay_block":1,"minecraft:furnace":1,"minecraft:iron_ore":6,"minecraft:spruce_log":5,"minecraft:pumpkin":16,"minecraft:grass":13,"minecraft:oak_log":32,"minecraft:dirt":11,"minecraft:sand":20,"minecraft:stone":64,"minecraft:oak_leaves":4,"minecraft:fern":2}},"DataVersion":3465}