{"stats":{"minecraft:crafted":{"minecraft:oak_boat":1,"minecraft:oak_planks":60,"minecraft:cooked_porkchop":5,"minecraft:crafting_table":1,"minecraft:spruce_planks":20,"minecraft:spruce_slab":6,"minecraft:stick":8,"minecraft:wooden_pickaxe":1,"minecraft:baked_potato":2,"minecraft:stone_pickaxe":1,"minecraft:furnace":1,"minecraft:spruce_boat":1,"minecraft:stone_axe":1,"minecraft:air":0,"minecraft:bread":6},"minecraft:dropped":{"minecraft:baked_potato":2,"minecraft:oak_boat":1,"minecraft:cooked_porkchop":3},"minecraft:used":{"minecraft:spruce_boat":1,"minecraft:moss_block":1,"minecraft:oak_planks":39,"minecraft:bread":3,"minecraft:stone_pickaxe":23,"minecraft:suspicious_stew":1,"minecraft:baked_potato":1,"minecraft:wooden_pickaxe":16,"minecraft:sandstone":12,"minecraft:stone_axe":61,"minecraft:crafting_table":2,"minecraft:furnace":2,"minecraft:cooked_porkchop":1},"minecraft:custom":{"minecraft:time_since_rest":33018,"minecraft:interact_with_furnace":16,"minecraft:sprint_one_cm":75861,"minecraft:damage_taken":395,"minecraft:walk_one_cm":42589,"minecraft:mob_kills":4,"minecraft:drop":6,"minecraft:damage_dealt":489,"minecraft:fly_one_cm":59456,"minecraft:swim_one_cm":5573,"minecraft:interact_with_crafting_table":12,"minecraft:open_chest":3,"minecraft:crouch_one_cm":6843,"minecraft:play_time":33018,"minecraft:sneak_time":3327,"minecraft:walk_under_water_one_cm":9940,"minecraft:boat_one_cm":130193,"minecraft:jump":398,"minecraft:walk_on_water_one_cm":2847,"minecraft:time_since_death":33018,"minecraft:total_world_time":33018,"minecraft:fall_one_cm":10513},"minecraft:killed":{"minecraft:pig":2,"minecraft:spider":1,"minecraft:creeper":1},"minecraft:picked_up":{"minecraft:raw_iron":6,"minecraft:crafting_table":1,"minecraft:sandstone":14,"minecraft:cooked_porkchop":1,"minecraft:pumpkin":15,"minecraft:porkchop":5,"minecraft:sand":22,"minecraft:spruce_sapling":2,"minecraft:oak_log":15,"minecraft:gunpowder":2,"minecraft:spruce_log":5,"minecraft:dirt":12,"minecraft:spider_eye":1,"minecraft:string":4,"minecraft:bone":1,"minecraft:rotten_flesh":1,"minecraft:spruce_boat":1,"minecraft:iron_ingot":8,"minecraft:spruce_slab":2,"minecraft:moss_block":1,"minecraft:sugar_cane":44,"minecraft:cobblestone":17,"minecraft:furnace":1},"minecraft:mined":{"minecraft:large_fern":1,"minecraft:furnace":1,"minecraft:iron_ore":6,"minecraft:spruce_log":5,"minecraft:pumpkin":16,"minecraft:crafting_table":1,"minecraft:grass":4,"minecraft:grass_block":4,"minecraft:oak_log":15,"minecraft:sand":20,"minecraft:spruce_leaves":12,"minecraft:stone":17,"minecraft:moss_block":1,"minecraft:sugar_cane":18,"minecraft:oak_leaves":2,"minecraft:sandstone":14,"minecraft:fern":2}},"DataVersion":3465}