{"stats":{"minecraft:crafted":{"minecraft:crafting_table":1,"minecraft:spruce_slab":6,"minecraft:spruce_planks":20,"minecraft:stick":4,"minecraft:wooden_pickaxe":1},"minecraft:used":{"minecraft:crafting_table":1,"minecraft:sandstone":2,"minecraft:wooden_pickaxe":16},"minecraft:custom":{"minecraft:time_since_rest":9018,"minecraft:open_chest":2,"minecraft:crouch_one_cm":1568,"minecraft:play_time":9018,"minecraft:sprint_one_cm":4454,"minecraft:damage_taken":170,"minecraft:walk_one_cm":17445,"minecraft:sneak_time":1233,"minecraft:walk_under_water_one_cm":2970,"minecraft:mob_kills":1,"minecraft:jump":105,"minecraft:damage_dealt":160,"minecraft:time_since_death":9018,"minecraft:walk_on_water_one_cm":1600,"minecraft:total_world_time":9018,"minecraft:interact_with_crafting_table":1,"minecraft:swim_one_cm":4040,"minecraft:fall_one_cm":2226,"minecraft:fly_one_cm":10022},"minecraft:killed":{"minecraft:spider":1},"minecraft:picked_up":{"minecraft:sandstone":7,"minecraft:sand":18,"minecraft:spruce_log":5,"minecraft:sugar_cane":15,"minecraft:spider_eye":1,"minecraft:string":2,"minecraft:cobblestone":9},"minecraft:mined":{"minecraft:sand":18,"minecraft:stone":9,"minecraft:spruce_log":5,"minecraft:spruce_leaves":10,"minecraft:sugar_cane":7,"minecraft:sandstone":7}},"DataVersion":3465}