{"stats":{"minecraft:crafted":{"minecraft:crafting_table":1,"minecraft:spruce_planks":20,"minecraft:spruce_slab":6,"minecraft:stick":8,"minecraft:wooden_pickaxe":1,"minecraft:baked_potato":2,"minecraft:stone_pickaxe":1,"minecraft:furnace":1,"minecraft:stone_axe":1,"minecraft:air":0,"minecraft:bread":6},"minecraft:dropped":{"minecraft:baked_potato":2},"minecraft:used":{"minecraft:moss_block":1,"minecraft:bread":1,"minecraft:stone_pickaxe":15,"minecraft:suspicious_stew":1,"minecraft:baked_potato":1,"minecraft:wooden_pickaxe":16,"minecraft:sandstone":12,"minecraft:stone_axe":48,"minecraft:crafting_table":1,"minecraft:furnace":1},"minecraft:custom":{"minecraft:time_since_rest":21018,"minecraft:interact_with_furnace":7,"minecraft:sprint_one_cm":46556,"minecraft:damage_taken":180,"minecraft:walk_one_cm":33131,"minecraft:mob_kills":2,"minecraft:drop":2,"minecraft:damage_dealt":259,"minecraft:fly_one_cm":36528,"minecraft:swim_one_cm":4310,"minecraft:interact_with_crafting_table":6,"minecraft:open_chest":2,"minecraft:crouch_one_cm":3592,"minecraft:play_time":21018,"minecraft:sneak_time":2140,"minecraft:walk_under_water_one_cm":3284,"minecraft:jump":274,"minecraft:walk_on_water_one_cm":2633,"minecraft:time_since_death":21018,"minecraft:total_world_time":21018,"minecraft:fall_one_cm":5750},"minecraft:killed":{"minecraft:pig":1,"minecraft:spider":1},"minecraft:picked_up":{"minecraft:crafting_table":1,"minecraft:sandstone":14,"minecraft:pumpkin":15,"minecraft:porkchop":3,"minecraft:sand":22,"minecraft:oak_log":10,"minecraft:spruce_log":5,"minecraft:dirt":4,"minecraft:spider_eye":1,"minecraft:string":2,"minecraft:rotten_flesh":1,"minecraft:spruce_slab":2,"minecraft:moss_block":1,"minecraft:sugar_cane":34,"minecraft:cobblestone":15,"minecraft:furnace":1},"minecraft:mined":{"minecraft:large_fern":1,"minecraft:furnace":1,"minecraft:spruce_log":5,"minecraft:pumpkin":16,"minecraft:crafting_table":1,"minecraft:grass":4,"minecraft:grass_block":4,"minecraft:oak_log":10,"minecraft:sand":20,"minecraft:spruce_leaves":10,"minecraft:stone":15,"minecraft:moss_block":1,"minecraft:sugar_cane":13,"minecraft:oak_leaves":2,"minecraft:sandstone":14,"minecraft:fern":2}},"DataVersion":3465}