{"stats":{"minecraft:crafted":{"minecraft:oak_planks":60,"minecraft:cooked_porkchop":5,"minecraft:crafting_table":1,"minecraft:spruce_planks":20,"minecraft:wooden_pickaxe":1,"minecraft:baked_potato":2,"minecraft:furnace":1,"minecraft:stone_axe":1,"minecraft:bread":6,"minecraft:air":0,"minecraft:oak_boat":1,"minecraft:spruce_slab":6,"minecraft:stick":8,"minecraft:stone_pickaxe":1,"minecraft:spruce_boat":1,"minecraft:shears":1},"minecraft:dropped":{"minecraft:baked_potato":2,"minecraft:cooked_porkchop":3,"minecraft:oak_boat":1},"minecraft:custom":{"minecraft:interact_with_furnace":16,"minecraft:mob_kills":18,"minecraft:interact_with_crafting_table":12,"minecraft:time_since_death":45018,"minecraft:time_since_rest":45018,"minecraft:sprint_one_cm":117395,"minecraft:damage_taken":485,"minecraft:walk_one_cm":65938,"minecraft:drop":6,"minecraft:damage_dealt":2099,"minecraft:swim_one_cm":7159,"minecraft:fly_one_cm":121585,"minecraft:open_chest":3,"minecraft:crouch_one_cm":8573,"minecraft:play_time":45018,"minecraft:sneak_time":4145,"minecraft:walk_under_water_one_cm":10014,"minecraft:boat_one_cm":264649,"minecraft:jump":671,"minecraft:walk_on_water_one_cm":4177,"minecraft:total_world_time":45018,"minecraft:fall_one_cm":18867},"minecraft:used":{"minecraft:moss_block":9,"minecraft:stone_pickaxe":70,"minecraft:baked_potato":1,"minecraft:oak_planks":39,"minecraft:wooden_pickaxe":16,"minecraft:sandstone":12,"minecraft:crafting_table":2,"minecraft:spruce_boat":2,"minecraft:bread":6,"minecraft:suspicious_stew":1,"minecraft:stone_axe":112,"minecraft:furnace":2,"minecraft:cooked_porkchop":1},"minecraft:killed":{"minecraft:pig":7,"minecraft:spider":1,"minecraft:creeper":1,"minecraft:horse":2,"minecraft:sheep":4,"minecraft:chicken":1},"minecraft:picked_up":{"minecraft:crafting_table":1,"minecraft:oak_log":32,"minecraft:gunpowder":2,"minecraft:string":4,"minecraft:dirt":24,"minecraft:bone":4,"minecraft:wheat_seeds":1,"minecraft:iron_ingot":8,"minecraft:spruce_slab":2,"minecraft:moss_block":1,"minecraft:sugar_cane":44,"minecraft:furnace":1,"minecraft:stick":1,"minecraft:raw_iron":6,"minecraft:sandstone":14,"minecraft:cooked_porkchop":1,"minecraft:pumpkin":15,"minecraft:sand":22,"minecraft:porkchop":17,"minecraft:spruce_sapling":2,"minecraft:spruce_log":5,"minecraft:spider_eye":1,"minecraft:rotten_flesh":1,"minecraft:spruce_boat":2,"minecraft:hay_block":2,"minecraft:oak_sapling":1,"minecraft:mutton":5,"minecraft:white_wool":4,"minecraft:cobblestone":64},"minecraft:mined":{"minecraft:cornflower":1,"minecraft:crafting_table":1,"minecraft:grass_block":7,"minecraft:spruce_leaves":12,"minecraft:sugar_cane":18,"minecraft:moss_block":1,"minecraft:sandstone":14,"minecraft:large_fern":1,"minecraft:hay_block":1,"minecraft:furnace":1,"minecraft:iron_ore":6,"minecraft:spruce_log":5,"minecraft:pumpkin":16,"minecraft:grass":12,"minecraft:oak_log":32,"minecraft:dirt":9,"minecraft:sand":20,"minecraft:stone":64,"minecraft:oak_leaves":4,"minecraft:fern":2}},"DataVersion":3465}