{"stats":{"minecraft:crafted":{"minecraft:oak_door":3,"minecraft:oak_planks":100,"minecraft:cooked_porkchop":5,"minecraft:crafting_table":1,"minecraft:spruce_planks":20,"minecraft:wooden_pickaxe":1,"minecraft:baked_potato":2,"minecraft:furnace":1,"minecraft:cooked_salmon":6,"minecraft:stone_axe":3,"minecraft:cooked_mutton":7,"minecraft:bread":6,"minecraft:air":0,"minecraft:oak_boat":1,"minecraft:white_wool":1,"minecraft:spruce_slab":6,"minecraft:stick":12,"minecraft:iron_ingot":13,"minecraft:stone_pickaxe":2,"minecraft:chest":2,"minecraft:white_bed":3,"minecraft:spruce_boat":1,"minecraft:shears":1},"minecraft:dropped":{"minecraft:wheat_seeds":3,"minecraft:baked_potato":2,"minecraft:cooked_porkchop":3,"minecraft:oak_boat":1,"minecraft:string":4,"minecraft:spruce_sapling":2},"minecraft:custom":{"minecraft:interact_with_furnace":34,"minecraft:mob_kills":44,"minecraft:interact_with_crafting_table":25,"minecraft:time_since_death":81018,"minecraft:sleep_in_bed":4,"minecraft:time_since_rest":906,"minecraft:sprint_one_cm":253465,"minecraft:damage_taken":935,"minecraft:walk_one_cm":135301,"minecraft:drop":9,"minecraft:damage_dealt":3934,"minecraft:swim_one_cm":26624,"minecraft:talked_to_villager":3,"minecraft:fly_one_cm":291402,"minecraft:player_kills":1,"minecraft:open_chest":32,"minecraft:crouch_one_cm":11653,"minecraft:play_time":81018,"minecraft:sneak_time":5476,"minecraft:walk_under_water_one_cm":21229,"minecraft:boat_one_cm":264649,"minecraft:jump":1383,"minecraft:walk_on_water_one_cm":12012,"minecraft:total_world_time":81018,"minecraft:fall_one_cm":39721},"minecraft:used":{"minecraft:moss_block":9,"minecraft:cooked_mutton":5,"minecraft:stone_pickaxe":70,"minecraft:baked_potato":1,"minecraft:oak_planks":49,"minecraft:chest":2,"minecraft:wooden_pickaxe":16,"minecraft:sandstone":12,"minecraft:cooked_salmon":3,"minecraft:oak_door":1,"minecraft:dirt":3,"minecraft:crafting_table":2,"minecraft:white_bed":6,"minecraft:oak_log":13,"minecraft:spruce_boat":2,"minecraft:bread":6,"minecraft:suspicious_stew":1,"minecraft:stone_axe":152,"minecraft:furnace":2,"minecraft:cooked_porkchop":2},"minecraft:broken":{"minecraft:stone_axe":1},"minecraft:killed":{"minecraft:pig":9,"minecraft:salmon":11,"minecraft:spider":3,"minecraft:creeper":1,"minecraft:skeleton":2,"minecraft:horse":3,"minecraft:sheep":4,"minecraft:chicken":1},"minecraft:picked_up":{"minecraft:crafting_table":1,"minecraft:salmon":11,"minecraft:leather":9,"minecraft:oak_log":38,"minecraft:gunpowder":2,"minecraft:string":10,"minecraft:dirt":30,"minecraft:bone":8,"minecraft:wheat_seeds":7,"minecraft:beef":2,"minecraft:iron_ingot":8,"minecraft:spruce_slab":2,"minecraft:moss_block":1,"minecraft:sugar_cane":47,"minecraft:egg":2,"minecraft:furnace":1,"minecraft:stick":1,"minecraft:raw_iron":6,"minecraft:sandstone":14,"minecraft:cooked_porkchop":1,"minecraft:pumpkin":15,"minecraft:sand":30,"minecraft:porkchop":22,"minecraft:spruce_sapling":2,"minecraft:white_bed":4,"minecraft:spruce_log":5,"minecraft:spider_eye":1,"minecraft:arrow":3,"minecraft:rotten_flesh":1,"minecraft:spruce_boat":2,"minecraft:hay_block":2,"minecraft:oak_sapling":1,"minecraft:mutton":5,"minecraft:white_wool":38,"minecraft:cobblestone":64},"minecraft:mined":{"minecraft:white_bed":2,"minecraft:cornflower":1,"minecraft:crafting_table":1,"minecraft:grass_block":11,"minecraft:tall_grass":1,"minecraft:spruce_leaves":12,"minecraft:sugar_cane":19,"minecraft:moss_block":1,"minecraft:sandstone":14,"minecraft:large_fern":1,"minecraft:hay_block":1,"minecraft:furnace":1,"minecraft:iron_ore":6,"minecraft:spruce_log":5,"minecraft:pumpkin":16,"minecraft:grass":16,"minecraft:oak_log":33,"minecraft:dirt":19,"minecraft:sand":28,"minecraft:stone":64,"minecraft:oak_leaves":4,"minecraft:fern":2}},"DataVersion":3465}