{"stats":{"minecraft:crafted":{"minecraft:stick":12,"minecraft:wooden_pickaxe":1,"minecraft:stone_pickaxe":1,"minecraft:wooden_axe":1,"minecraft:birch_planks":76,"minecraft:stone_axe":1,"minecraft:bread":36,"minecraft:wheat":108},"minecraft:used":{"minecraft:wooden_axe":51,"minecraft:birch_planks":4,"minecraft:bread":3,"minecraft:baked_potato":2,"minecraft:wooden_pickaxe":59,"minecraft:sandstone":2,"minecraft:iron_sword":16,"minecraft:cooked_salmon":3,"minecraft:stone_axe":50,"minecraft:dirt":1,"minecraft:sand":16,"minecraft:crafting_table":2,"minecraft:cooked_porkchop":1},"minecraft:custom":{"minecraft:time_since_rest":37386,"minecraft:sprint_one_cm":80287,"minecraft:interact_with_furnace":3,"minecraft:damage_taken":445,"minecraft:walk_one_cm":69168,"minecraft:mob_kills":2,"minecraft:drop":34,"minecraft:damage_dealt":1233,"minecraft:talked_to_villager":2,"minecraft:swim_one_cm":12769,"minecraft:interact_with_crafting_table":9,"minecraft:fly_one_cm":49738,"minecraft:open_chest":2,"minecraft:crouch_one_cm":1704,"minecraft:play_time":37386,"minecraft:sneak_time":1523,"minecraft:walk_under_water_one_cm":15303,"minecraft:boat_one_cm":125477,"minecraft:jump":347,"minecraft:time_since_death":37386,"minecraft:walk_on_water_one_cm":3649,"minecraft:total_world_time":37386,"minecraft:fall_one_cm":9138},"minecraft:dropped":{"minecraft:bread":1,"minecraft:hay_block":3,"minecraft:birch_planks":25,"minecraft:wheat_seeds":2,"minecraft:oak_sapling":1,"minecraft:stick":2},"minecraft:broken":{"minecraft:wooden_axe":1,"minecraft:wooden_pickaxe":1},"minecraft:killed":{"minecraft:wolf":1,"minecraft:zombie":1},"minecraft:picked_up":{"minecraft:birch_log":61,"minecraft:stick":3,"minecraft:crafting_table":3,"minecraft:sandstone":2,"minecraft:cooked_porkchop":1,"minecraft:birch_planks":4,"minecraft:sand":16,"minecraft:white_bed":1,"minecraft:dirt":1,"minecraft:cooked_salmon":3,"minecraft:wheat_seeds":2,"minecraft:hay_block":15,"minecraft:iron_ingot":5,"minecraft:bread":1,"minecraft:baked_potato":2,"minecraft:oak_sapling":1,"minecraft:iron_sword":1,"minecraft:cobblestone":57},"minecraft:mined":{"minecraft:hay_block":16,"minecraft:birch_planks":4,"minecraft:white_bed":1,"minecraft:birch_log":61,"minecraft:birch_leaves":4,"minecraft:crafting_table":3,"minecraft:grass":2,"minecraft:grass_block":3,"minecraft:sand":1,"minecraft:dirt":1,"minecraft:tall_grass":3,"minecraft:stone":57,"minecraft:sandstone":2,"minecraft:oak_leaves":10}},"DataVersion":3465}