{"stats":{"minecraft:crafted":{"minecraft:stick":12,"minecraft:wooden_pickaxe":1,"minecraft:stone_pickaxe":1,"minecraft:wooden_axe":1,"minecraft:birch_stairs":16,"minecraft:birch_planks":320,"minecraft:stone_axe":1,"minecraft:bread":36,"minecraft:wheat":108},"minecraft:used":{"minecraft:wooden_axe":51,"minecraft:birch_planks":52,"minecraft:bread":3,"minecraft:stone_pickaxe":1,"minecraft:baked_potato":2,"minecraft:wooden_pickaxe":59,"minecraft:sandstone":2,"minecraft:iron_sword":20,"minecraft:cooked_salmon":3,"minecraft:stone_axe":76,"minecraft:dirt":3,"minecraft:sand":16,"minecraft:cobblestone":49,"minecraft:crafting_table":3,"minecraft:cooked_porkchop":1},"minecraft:custom":{"minecraft:time_since_rest":49386,"minecraft:sprint_one_cm":105001,"minecraft:interact_with_furnace":3,"minecraft:damage_taken":470,"minecraft:walk_one_cm":108027,"minecraft:mob_kills":3,"minecraft:drop":36,"minecraft:damage_dealt":1433,"minecraft:talked_to_villager":3,"minecraft:swim_one_cm":14226,"minecraft:interact_with_crafting_table":10,"minecraft:fly_one_cm":68843,"minecraft:open_chest":2,"minecraft:crouch_one_cm":3091,"minecraft:play_time":49386,"minecraft:sneak_time":1915,"minecraft:walk_under_water_one_cm":15657,"minecraft:boat_one_cm":125477,"minecraft:jump":475,"minecraft:time_since_death":49386,"minecraft:walk_on_water_one_cm":4035,"minecraft:total_world_time":49386,"minecraft:fall_one_cm":13047},"minecraft:dropped":{"minecraft:bread":1,"minecraft:hay_block":3,"minecraft:birch_planks":25,"minecraft:wheat_seeds":3,"minecraft:birch_sapling":1,"minecraft:oak_sapling":1,"minecraft:stick":2},"minecraft:broken":{"minecraft:wooden_axe":1,"minecraft:wooden_pickaxe":1},"minecraft:killed":{"minecraft:wolf":1,"minecraft:zombie":2},"minecraft:picked_up":{"minecraft:birch_log":80,"minecraft:stick":3,"minecraft:crafting_table":4,"minecraft:sandstone":2,"minecraft:cooked_porkchop":1,"minecraft:birch_planks":11,"minecraft:sand":16,"minecraft:oak_log":4,"minecraft:white_bed":1,"minecraft:dirt":53,"minecraft:cooked_salmon":3,"minecraft:rotten_flesh":1,"minecraft:wheat_seeds":5,"minecraft:hay_block":15,"minecraft:iron_ingot":5,"minecraft:bread":1,"minecraft:baked_potato":2,"minecraft:oak_sapling":1,"minecraft:birch_sapling":1,"minecraft:iron_sword":1,"minecraft:cobblestone":58},"minecraft:mined":{"minecraft:hay_block":16,"minecraft:birch_planks":8,"minecraft:white_bed":1,"minecraft:birch_log":80,"minecraft:birch_leaves":4,"minecraft:crafting_table":4,"minecraft:grass":17,"minecraft:grass_block":53,"minecraft:sand":1,"minecraft:dirt":3,"minecraft:cobblestone":1,"minecraft:tall_grass":3,"minecraft:stone":57,"minecraft:sandstone":2,"minecraft:oak_leaves":10}},"DataVersion":3465}