{"stats":{"minecraft:crafted":{"minecraft:wooden_pickaxe":1,"minecraft:birch_planks":324,"minecraft:stone_axe":1,"minecraft:bread":36,"minecraft:stick":12,"minecraft:stone_pickaxe":1,"minecraft:wooden_axe":1,"minecraft:birch_door":3,"minecraft:birch_stairs":72,"minecraft:wheat":108},"minecraft:used":{"minecraft:birch_planks":196,"minecraft:stone_pickaxe":16,"minecraft:baked_potato":2,"minecraft:wooden_pickaxe":59,"minecraft:sandstone":2,"minecraft:iron_sword":21,"minecraft:cooked_salmon":3,"minecraft:dirt":3,"minecraft:sand":16,"minecraft:crafting_table":6,"minecraft:birch_door":1,"minecraft:wooden_axe":51,"minecraft:bread":3,"minecraft:stone_axe":120,"minecraft:cobblestone":61,"minecraft:porkchop":4,"minecraft:cooked_porkchop":1,"minecraft:birch_stairs":81},"minecraft:custom":{"minecraft:interact_with_furnace":3,"minecraft:mob_kills":5,"minecraft:interact_with_crafting_table":16,"minecraft:time_since_death":73386,"minecraft:sleep_in_bed":1,"minecraft:time_since_rest":906,"minecraft:sprint_one_cm":138661,"minecraft:damage_taken":500,"minecraft:walk_one_cm":174362,"minecraft:drop":36,"minecraft:damage_dealt":1633,"minecraft:swim_one_cm":18167,"minecraft:talked_to_villager":3,"minecraft:fly_one_cm":86861,"minecraft:open_chest":2,"minecraft:crouch_one_cm":11242,"minecraft:play_time":73386,"minecraft:sneak_time":4325,"minecraft:walk_under_water_one_cm":17199,"minecraft:boat_one_cm":125477,"minecraft:jump":649,"minecraft:walk_on_water_one_cm":6637,"minecraft:total_world_time":73386,"minecraft:fall_one_cm":16877},"minecraft:dropped":{"minecraft:bread":1,"minecraft:birch_planks":25,"minecraft:wheat_seeds":3,"minecraft:birch_sapling":1,"minecraft:stick":2,"minecraft:hay_block":3,"minecraft:oak_sapling":1},"minecraft:broken":{"minecraft:wooden_axe":1,"minecraft:wooden_pickaxe":1},"minecraft:killed":{"minecraft:wolf":1,"minecraft:pig":2,"minecraft:zombie":2},"minecraft:picked_up":{"minecraft:birch_log":81,"minecraft:crafting_table":7,"minecraft:birch_planks":26,"minecraft:oak_log":4,"minecraft:dirt":103,"minecraft:cooked_salmon":3,"minecraft:wheat_seeds":6,"minecraft:iron_ingot":5,"minecraft:iron_sword":1,"minecraft:birch_sapling":1,"minecraft:oak_planks":12,"minecraft:stick":3,"minecraft:sandstone":2,"minecraft:cooked_porkchop":1,"minecraft:porkchop":4,"minecraft:birch_stairs":9,"minecraft:sand":16,"minecraft:white_bed":1,"minecraft:spider_eye":1,"minecraft:rotten_flesh":1,"minecraft:hay_block":15,"minecraft:bread":1,"minecraft:baked_potato":2,"minecraft:oak_sapling":1,"minecraft:cobblestone":73},"minecraft:mined":{"minecraft:birch_stairs":9,"minecraft:white_bed":2,"minecraft:crafting_table":7,"minecraft:grass_block":100,"minecraft:tall_grass":4,"minecraft:cobblestone":2,"minecraft:oak_planks":12,"minecraft:sandstone":2,"minecraft:hay_block":16,"minecraft:birch_planks":23,"minecraft:birch_log":81,"minecraft:birch_leaves":4,"minecraft:grass":20,"minecraft:dirt":3,"minecraft:sand":1,"minecraft:stone":71,"minecraft:oak_leaves":10}},"DataVersion":3465}