{"stats":{"minecraft:crafted":{"minecraft:wooden_pickaxe":1,"minecraft:birch_planks":320,"minecraft:stone_axe":1,"minecraft:bread":36,"minecraft:stick":12,"minecraft:stone_pickaxe":1,"minecraft:wooden_axe":1,"minecraft:birch_door":3,"minecraft:birch_stairs":20,"minecraft:wheat":108},"minecraft:used":{"minecraft:birch_planks":193,"minecraft:stone_pickaxe":16,"minecraft:baked_potato":2,"minecraft:wooden_pickaxe":59,"minecraft:sandstone":2,"minecraft:iron_sword":20,"minecraft:cooked_salmon":3,"minecraft:dirt":3,"minecraft:sand":16,"minecraft:crafting_table":5,"minecraft:birch_door":1,"minecraft:wooden_axe":51,"minecraft:bread":3,"minecraft:stone_axe":94,"minecraft:cobblestone":61,"minecraft:cooked_porkchop":1,"minecraft:birch_stairs":16},"minecraft:custom":{"minecraft:interact_with_furnace":3,"minecraft:mob_kills":3,"minecraft:interact_with_crafting_table":12,"minecraft:time_since_death":61386,"minecraft:time_since_rest":61386,"minecraft:sprint_one_cm":120290,"minecraft:damage_taken":490,"minecraft:walk_one_cm":152178,"minecraft:drop":36,"minecraft:damage_dealt":1433,"minecraft:swim_one_cm":17532,"minecraft:talked_to_villager":3,"minecraft:fly_one_cm":73800,"minecraft:open_chest":2,"minecraft:crouch_one_cm":8467,"minecraft:play_time":61386,"minecraft:sneak_time":3608,"minecraft:walk_under_water_one_cm":16863,"minecraft:boat_one_cm":125477,"minecraft:jump":572,"minecraft:walk_on_water_one_cm":5055,"minecraft:total_world_time":61386,"minecraft:fall_one_cm":14216},"minecraft:dropped":{"minecraft:bread":1,"minecraft:birch_planks":25,"minecraft:wheat_seeds":3,"minecraft:birch_sapling":1,"minecraft:stick":2,"minecraft:hay_block":3,"minecraft:oak_sapling":1},"minecraft:broken":{"minecraft:wooden_axe":1,"minecraft:wooden_pickaxe":1},"minecraft:killed":{"minecraft:wolf":1,"minecraft:zombie":2},"minecraft:picked_up":{"minecraft:birch_log":80,"minecraft:crafting_table":5,"minecraft:birch_planks":19,"minecraft:oak_log":4,"minecraft:dirt":103,"minecraft:cooked_salmon":3,"minecraft:wheat_seeds":5,"minecraft:iron_ingot":5,"minecraft:iron_sword":1,"minecraft:birch_sapling":1,"minecraft:oak_planks":12,"minecraft:stick":3,"minecraft:sandstone":2,"minecraft:cooked_porkchop":1,"minecraft:sand":16,"minecraft:white_bed":1,"minecraft:rotten_flesh":1,"minecraft:hay_block":15,"minecraft:bread":1,"minecraft:baked_potato":2,"minecraft:oak_sapling":1,"minecraft:cobblestone":73},"minecraft:mined":{"minecraft:white_bed":1,"minecraft:crafting_table":5,"minecraft:grass_block":100,"minecraft:tall_grass":3,"minecraft:cobblestone":2,"minecraft:oak_planks":12,"minecraft:sandstone":2,"minecraft:hay_block":16,"minecraft:birch_planks":16,"minecraft:birch_log":80,"minecraft:birch_leaves":4,"minecraft:grass":18,"minecraft:dirt":3,"minecraft:sand":1,"minecraft:stone":71,"minecraft:oak_leaves":10}},"DataVersion":3465}