{"stats":{"minecraft:crafted":{"minecraft:stick":12,"minecraft:wooden_pickaxe":1,"minecraft:stone_pickaxe":1,"minecraft:wooden_axe":1,"minecraft:birch_planks":76},"minecraft:dropped":{"minecraft:birch_planks":25,"minecraft:stick":2},"minecraft:used":{"minecraft:wooden_axe":31,"minecraft:baked_potato":2,"minecraft:wooden_pickaxe":59,"minecraft:sandstone":2,"minecraft:cooked_salmon":3,"minecraft:sand":16,"minecraft:cooked_porkchop":1},"minecraft:custom":{"minecraft:time_since_rest":25386,"minecraft:sprint_one_cm":52874,"minecraft:interact_with_furnace":3,"minecraft:damage_taken":415,"minecraft:walk_one_cm":50414,"minecraft:mob_kills":2,"minecraft:drop":27,"minecraft:damage_dealt":373,"minecraft:swim_one_cm":12769,"minecraft:interact_with_crafting_table":5,"minecraft:fly_one_cm":26969,"minecraft:open_chest":1,"minecraft:crouch_one_cm":1356,"minecraft:play_time":25386,"minecraft:sneak_time":1142,"minecraft:walk_under_water_one_cm":14016,"minecraft:boat_one_cm":38251,"minecraft:jump":228,"minecraft:time_since_death":25386,"minecraft:walk_on_water_one_cm":2759,"minecraft:total_world_time":25386,"minecraft:fall_one_cm":4763},"minecraft:broken":{"minecraft:wooden_pickaxe":1},"minecraft:killed":{"minecraft:wolf":1,"minecraft:zombie":1},"minecraft:picked_up":{"minecraft:birch_log":19,"minecraft:stick":2,"minecraft:crafting_table":1,"minecraft:sandstone":2,"minecraft:cooked_porkchop":1,"minecraft:sand":16,"minecraft:cooked_salmon":3,"minecraft:baked_potato":2,"minecraft:iron_sword":1,"minecraft:cobblestone":57},"minecraft:mined":{"minecraft:birch_log":19,"minecraft:birch_leaves":3,"minecraft:crafting_table":1,"minecraft:grass":1,"minecraft:grass_block":2,"minecraft:sand":1,"minecraft:dirt":1,"minecraft:stone":57,"minecraft:sandstone":2,"minecraft:oak_leaves":6}},"DataVersion":3465}