{"stats":{"minecraft:crafted":{"minecraft:birch_planks":28,"minecraft:stick":12,"minecraft:wooden_pickaxe":1,"minecraft:wooden_axe":1},"minecraft:dropped":{"minecraft:stick":2},"minecraft:used":{"minecraft:wooden_axe":19,"minecraft:sand":16,"minecraft:baked_potato":2,"minecraft:wooden_pickaxe":32,"minecraft:sandstone":2},"minecraft:custom":{"minecraft:time_since_rest":13386,"minecraft:crouch_one_cm":1330,"minecraft:play_time":13386,"minecraft:interact_with_furnace":1,"minecraft:sprint_one_cm":31763,"minecraft:damage_taken":300,"minecraft:walk_one_cm":31453,"minecraft:sneak_time":1075,"minecraft:mob_kills":1,"minecraft:drop":2,"minecraft:jump":161,"minecraft:damage_dealt":173,"minecraft:time_since_death":13386,"minecraft:total_world_time":13386,"minecraft:interact_with_crafting_table":3,"minecraft:fall_one_cm":3869,"minecraft:fly_one_cm":17967},"minecraft:killed":{"minecraft:wolf":1},"minecraft:picked_up":{"minecraft:birch_log":19,"minecraft:crafting_table":1,"minecraft:sandstone":2,"minecraft:stick":2,"minecraft:sand":16,"minecraft:baked_potato":2,"minecraft:cobblestone":30},"minecraft:mined":{"minecraft:grass_block":2,"minecraft:sand":1,"minecraft:dirt":1,"minecraft:birch_log":19,"minecraft:stone":30,"minecraft:birch_leaves":3,"minecraft:grass":1,"minecraft:oak_leaves":3,"minecraft:sandstone":2,"minecraft:crafting_table":1}},"DataVersion":3465}