{"stats":{"minecraft:crafted":{"minecraft:wooden_sword":1,"minecraft:oak_planks":16,"minecraft:crafting_table":1,"minecraft:stick":4},"minecraft:custom":{"minecraft:time_since_rest":11880,"minecraft:open_chest":1,"minecraft:play_time":11880,"minecraft:sprint_one_cm":19185,"minecraft:damage_taken":195,"minecraft:walk_one_cm":9180,"minecraft:sneak_time":85,"minecraft:walk_under_water_one_cm":2469,"minecraft:mob_kills":3,"minecraft:jump":209,"minecraft:damage_dealt":587,"minecraft:time_since_death":11880,"minecraft:walk_on_water_one_cm":3239,"minecraft:total_world_time":11880,"minecraft:swim_one_cm":10159,"minecraft:interact_with_crafting_table":2,"minecraft:fall_one_cm":6583,"minecraft:fly_one_cm":37940},"minecraft:used":{"minecraft:rotten_flesh":2,"minecraft:wooden_sword":20,"minecraft:crafting_table":1},"minecraft:killed":{"minecraft:zombie":3},"minecraft:picked_up":{"minecraft:rotten_flesh":2,"minecraft:oak_log":4,"minecraft:dirt":1},"minecraft:mined":{"minecraft:oak_log":4,"minecraft:dirt":1,"minecraft:oak_leaves":1}},"DataVersion":3465}