{"stats":{"minecraft:crafted":{"minecraft:wooden_sword":1,"minecraft:oak_planks":16,"minecraft:wooden_shovel":1,"minecraft:crafting_table":1,"minecraft:stick":4,"minecraft:birch_boat":1,"minecraft:wooden_pickaxe":1,"minecraft:stone_sword":1},"minecraft:used":{"minecraft:birch_boat":1,"minecraft:wooden_pickaxe":6,"minecraft:wooden_shovel":7,"minecraft:cooked_salmon":3,"minecraft:rotten_flesh":2,"minecraft:wooden_sword":39,"minecraft:crafting_table":1,"minecraft:cooked_cod":2,"minecraft:oak_boat":1},"minecraft:dropped":{"minecraft:iron_ingot":8,"minecraft:iron_sword":1,"minecraft:cooked_salmon":3},"minecraft:custom":{"minecraft:time_since_rest":35880,"minecraft:sprint_one_cm":60728,"minecraft:damage_taken":300,"minecraft:walk_one_cm":37790,"minecraft:mob_kills":6,"minecraft:drop":6,"minecraft:damage_dealt":1091,"minecraft:interact_with_crafting_table":7,"minecraft:swim_one_cm":31394,"minecraft:fly_one_cm":82383,"minecraft:open_chest":4,"minecraft:crouch_one_cm":357,"minecraft:play_time":35880,"minecraft:sneak_time":618,"minecraft:walk_under_water_one_cm":26243,"minecraft:boat_one_cm":55857,"minecraft:jump":446,"minecraft:walk_on_water_one_cm":9719,"minecraft:time_since_death":35880,"minecraft:total_world_time":35880,"minecraft:fall_one_cm":11831},"minecraft:killed":{"minecraft:zombie":6},"minecraft:picked_up":{"minecraft:stick":2,"minecraft:cooked_porkchop":1,"minecraft:birch_boat":1,"minecraft:birch_planks":25,"minecraft:gravel":1,"minecraft:sand":2,"minecraft:flint":1,"minecraft:oak_log":4,"minecraft:dirt":4,"minecraft:rotten_flesh":4,"minecraft:oak_boat":1,"minecraft:cobblestone":6},"minecraft:mined":{"minecraft:oak_log":4,"minecraft:gravel":2,"minecraft:sand":2,"minecraft:dirt":4,"minecraft:stone":6,"minecraft:oak_leaves":1}},"DataVersion":3465}