{"stats":{"minecraft:killed_by":{"minecraft:player":1},"minecraft:crafted":{"minecraft:wooden_sword":1,"minecraft:oak_planks":128,"minecraft:wooden_shovel":1,"minecraft:crafting_table":2,"minecraft:wooden_pickaxe":1,"minecraft:birch_boat":1,"minecraft:furnace":1,"minecraft:cooked_salmon":1,"minecraft:stone_axe":1,"minecraft:air":0,"minecraft:iron_chestplate":1,"minecraft:stick":44,"minecraft:iron_pickaxe":1,"minecraft:stone_pickaxe":1,"minecraft:stone_sword":1,"minecraft:white_bed":1},"minecraft:used":{"minecraft:stone_sword":34,"minecraft:stone_pickaxe":131,"minecraft:oak_planks":116,"minecraft:birch_boat":2,"minecraft:wooden_pickaxe":6,"minecraft:wooden_shovel":19,"minecraft:cooked_salmon":6,"minecraft:rotten_flesh":2,"minecraft:dirt":8,"minecraft:crafting_table":4,"minecraft:white_bed":4,"minecraft:oak_log":4,"minecraft:bread":3,"minecraft:stone_axe":63,"minecraft:wooden_sword":39,"minecraft:cobblestone":8,"minecraft:oak_sapling":5,"minecraft:furnace":1,"minecraft:cooked_cod":2,"minecraft:oak_boat":2},"minecraft:custom":{"minecraft:interact_with_furnace":4,"minecraft:mob_kills":14,"minecraft:interact_with_crafting_table":20,"minecraft:leave_game":1,"minecraft:time_since_death":2912,"minecraft:sleep_in_bed":9,"minecraft:time_since_rest":906,"minecraft:sprint_one_cm":132485,"minecraft:damage_taken":799,"minecraft:walk_one_cm":149283,"minecraft:drop":6,"minecraft:damage_dealt":2312,"minecraft:swim_one_cm":34912,"minecraft:talked_to_villager":3,"minecraft:fly_one_cm":165269,"minecraft:open_chest":15,"minecraft:crouch_one_cm":6174,"minecraft:play_time":80017,"minecraft:deaths":1,"minecraft:sneak_time":2719,"minecraft:walk_under_water_one_cm":27209,"minecraft:boat_one_cm":149653,"minecraft:jump":1114,"minecraft:walk_on_water_one_cm":10788,"minecraft:total_world_time":80017,"minecraft:fall_one_cm":29069},"minecraft:dropped":{"minecraft:iron_ingot":8,"minecraft:iron_sword":1,"minecraft:cooked_salmon":3},"minecraft:killed":{"minecraft:wolf":1,"minecraft:pig":1,"minecraft:spider":1,"minecraft:iron_golem":1,"minecraft:sheep":3,"minecraft:zombie":6,"minecraft:cow":1},"minecraft:broken":{"minecraft:stone_pickaxe":1},"minecraft:picked_up":{"minecraft:crafting_table":2,"minecraft:andesite":6,"minecraft:birch_planks":25,"minecraft:potion":2,"minecraft:flint":3,"minecraft:oak_log":36,"minecraft:string":4,"minecraft:dirt":55,"minecraft:raw_copper":6,"minecraft:wooden_sword":1,"minecraft:wheat_seeds":2,"minecraft:gold_nugget":22,"minecraft:heart_of_the_sea":2,"minecraft:stone_pickaxe":1,"minecraft:oak_boat":2,"minecraft:wooden_shovel":1,"minecraft:poppy":6,"minecraft:oak_planks":9,"minecraft:golden_helmet":1,"minecraft:stick":2,"minecraft:raw_iron":7,"minecraft:cooked_porkchop":2,"minecraft:birch_boat":3,"minecraft:gravel":1,"minecraft:sand":4,"minecraft:white_bed":4,"minecraft:tnt":6,"minecraft:stone_sword":1,"minecraft:rotten_flesh":4,"minecraft:stone_axe":1,"minecraft:hay_block":3,"minecraft:golden_apple":1,"minecraft:bread":6,"minecraft:emerald":22,"minecraft:oak_sapling":1,"minecraft:mutton":4,"minecraft:coal":6,"minecraft:white_wool":3,"minecraft:cobblestone":213},"minecraft:mined":{"minecraft:white_bed":5,"minecraft:dandelion":1,"minecraft:crafting_table":2,"minecraft:cornflower":1,"minecraft:grass_block":6,"minecraft:poppy":2,"minecraft:cobblestone":1,"minecraft:copper_ore":1,"minecraft:tall_grass":18,"minecraft:oak_planks":8,"minecraft:birch_planks":3,"minecraft:iron_ore":7,"minecraft:andesite":3,"minecraft:grass":51,"minecraft:coal_ore":6,"minecraft:oak_log":45,"minecraft:dirt":34,"minecraft:gravel":2,"minecraft:sand":2,"minecraft:stone":118,"minecraft:oak_leaves":9}},"DataVersion":3465}