{"stats":{"minecraft:crafted":{"minecraft:wooden_sword":1,"minecraft:oak_planks":16,"minecraft:wooden_shovel":1,"minecraft:crafting_table":1,"minecraft:stick":4,"minecraft:wooden_pickaxe":1},"minecraft:custom":{"minecraft:time_since_rest":23880,"minecraft:open_chest":3,"minecraft:crouch_one_cm":30,"minecraft:play_time":23880,"minecraft:sprint_one_cm":42992,"minecraft:damage_taken":220,"minecraft:walk_one_cm":19407,"minecraft:sneak_time":187,"minecraft:walk_under_water_one_cm":10134,"minecraft:mob_kills":6,"minecraft:jump":317,"minecraft:damage_dealt":1091,"minecraft:time_since_death":23880,"minecraft:walk_on_water_one_cm":6843,"minecraft:total_world_time":23880,"minecraft:swim_one_cm":24617,"minecraft:interact_with_crafting_table":3,"minecraft:fall_one_cm":8468,"minecraft:fly_one_cm":59834},"minecraft:used":{"minecraft:rotten_flesh":2,"minecraft:wooden_sword":39,"minecraft:crafting_table":1,"minecraft:wooden_shovel":7,"minecraft:cooked_salmon":3},"minecraft:killed":{"minecraft:zombie":6},"minecraft:picked_up":{"minecraft:stick":2,"minecraft:rotten_flesh":4,"minecraft:gravel":1,"minecraft:flint":1,"minecraft:sand":2,"minecraft:oak_log":4,"minecraft:dirt":4},"minecraft:mined":{"minecraft:oak_log":4,"minecraft:gravel":2,"minecraft:sand":2,"minecraft:dirt":4,"minecraft:oak_leaves":1}},"DataVersion":3465}