{"stats":{"minecraft:crafted":{"minecraft:wooden_sword":1,"minecraft:oak_planks":16,"minecraft:wooden_shovel":1,"minecraft:crafting_table":2,"minecraft:stick":44,"minecraft:stone_pickaxe":1,"minecraft:birch_boat":1,"minecraft:wooden_pickaxe":1,"minecraft:stone_sword":1,"minecraft:stone_axe":1},"minecraft:used":{"minecraft:stone_sword":10,"minecraft:stone_pickaxe":11,"minecraft:birch_boat":1,"minecraft:wooden_pickaxe":6,"minecraft:wooden_shovel":7,"minecraft:cooked_salmon":4,"minecraft:rotten_flesh":2,"minecraft:stone_axe":1,"minecraft:wooden_sword":39,"minecraft:crafting_table":2,"minecraft:cooked_cod":2,"minecraft:oak_boat":2},"minecraft:dropped":{"minecraft:iron_ingot":8,"minecraft:iron_sword":1,"minecraft:cooked_salmon":3},"minecraft:custom":{"minecraft:time_since_rest":47880,"minecraft:sprint_one_cm":95237,"minecraft:damage_taken":360,"minecraft:walk_one_cm":47303,"minecraft:mob_kills":10,"minecraft:drop":6,"minecraft:damage_dealt":1521,"minecraft:talked_to_villager":2,"minecraft:interact_with_crafting_table":10,"minecraft:swim_one_cm":34912,"minecraft:fly_one_cm":132772,"minecraft:open_chest":5,"minecraft:crouch_one_cm":420,"minecraft:play_time":47880,"minecraft:sneak_time":720,"minecraft:walk_under_water_one_cm":27209,"minecraft:boat_one_cm":149653,"minecraft:jump":683,"minecraft:walk_on_water_one_cm":10788,"minecraft:time_since_death":47880,"minecraft:total_world_time":47880,"minecraft:fall_one_cm":19696},"minecraft:killed":{"minecraft:sheep":3,"minecraft:zombie":6,"minecraft:iron_golem":1},"minecraft:picked_up":{"minecraft:stick":2,"minecraft:crafting_table":1,"minecraft:cooked_porkchop":1,"minecraft:birch_boat":1,"minecraft:birch_planks":25,"minecraft:gravel":1,"minecraft:sand":2,"minecraft:flint":1,"minecraft:oak_log":4,"minecraft:dirt":19,"minecraft:rotten_flesh":4,"minecraft:hay_block":3,"minecraft:oak_boat":2,"minecraft:poppy":2,"minecraft:mutton":4,"minecraft:white_wool":3,"minecraft:cobblestone":16},"minecraft:mined":{"minecraft:crafting_table":1,"minecraft:grass":1,"minecraft:grass_block":3,"minecraft:oak_log":4,"minecraft:gravel":2,"minecraft:sand":2,"minecraft:dirt":16,"minecraft:stone":16,"minecraft:oak_leaves":1}},"DataVersion":3465}