{"stats":{"minecraft:crafted":{"minecraft:wooden_sword":1,"minecraft:oak_planks":108,"minecraft:wooden_shovel":1,"minecraft:crafting_table":2,"minecraft:wooden_pickaxe":1,"minecraft:birch_boat":1,"minecraft:furnace":1,"minecraft:stone_axe":1,"minecraft:stick":44,"minecraft:stone_pickaxe":1,"minecraft:stone_sword":1,"minecraft:white_bed":1},"minecraft:used":{"minecraft:stone_sword":24,"minecraft:stone_pickaxe":11,"minecraft:oak_planks":96,"minecraft:wooden_pickaxe":6,"minecraft:birch_boat":1,"minecraft:wooden_shovel":7,"minecraft:cooked_salmon":6,"minecraft:rotten_flesh":2,"minecraft:dirt":8,"minecraft:crafting_table":4,"minecraft:white_bed":1,"minecraft:oak_log":4,"minecraft:stone_axe":55,"minecraft:wooden_sword":39,"minecraft:oak_sapling":5,"minecraft:furnace":1,"minecraft:cooked_cod":2,"minecraft:oak_boat":2},"minecraft:custom":{"minecraft:interact_with_furnace":1,"minecraft:mob_kills":13,"minecraft:interact_with_crafting_table":13,"minecraft:time_since_death":59880,"minecraft:sleep_in_bed":1,"minecraft:time_since_rest":2873,"minecraft:sprint_one_cm":104405,"minecraft:damage_taken":449,"minecraft:walk_one_cm":113141,"minecraft:drop":6,"minecraft:damage_dealt":1931,"minecraft:swim_one_cm":34912,"minecraft:talked_to_villager":2,"minecraft:fly_one_cm":148608,"minecraft:open_chest":8,"minecraft:crouch_one_cm":3970,"minecraft:play_time":59880,"minecraft:sneak_time":1816,"minecraft:walk_under_water_one_cm":27209,"minecraft:boat_one_cm":149653,"minecraft:jump":878,"minecraft:walk_on_water_one_cm":10788,"minecraft:total_world_time":59880,"minecraft:fall_one_cm":25863},"minecraft:dropped":{"minecraft:iron_ingot":8,"minecraft:iron_sword":1,"minecraft:cooked_salmon":3},"minecraft:killed":{"minecraft:pig":1,"minecraft:spider":1,"minecraft:iron_golem":1,"minecraft:sheep":3,"minecraft:zombie":6,"minecraft:cow":1},"minecraft:picked_up":{"minecraft:crafting_table":2,"minecraft:birch_planks":25,"minecraft:flint":1,"minecraft:oak_log":31,"minecraft:dirt":25,"minecraft:wheat_seeds":1,"minecraft:oak_boat":2,"minecraft:poppy":3,"minecraft:oak_planks":7,"minecraft:stick":2,"minecraft:cooked_porkchop":1,"minecraft:birch_boat":1,"minecraft:gravel":1,"minecraft:sand":2,"minecraft:rotten_flesh":4,"minecraft:hay_block":3,"minecraft:oak_sapling":1,"minecraft:mutton":4,"minecraft:white_wool":3,"minecraft:cobblestone":16},"minecraft:mined":{"minecraft:dandelion":1,"minecraft:crafting_table":2,"minecraft:cornflower":1,"minecraft:grass_block":3,"minecraft:poppy":2,"minecraft:tall_grass":18,"minecraft:oak_planks":7,"minecraft:birch_planks":3,"minecraft:grass":49,"minecraft:oak_log":40,"minecraft:dirt":22,"minecraft:gravel":2,"minecraft:sand":2,"minecraft:stone":16,"minecraft:oak_leaves":8}},"DataVersion":3465}